OrderID,UserID,OrderDate,TotalAmount,CalculatedOrderTotal,Difference,YearFile
ORD000540,USR00094,2022-09-14,2012.27,4024.54,-2012.27,2022
ORD000620,USR00106,2022-09-14,429.03,858.06,-429.03,2022
ORD000629,USR00107,2022-09-12,1665.94,3331.88,-1665.94,2022
ORD000663,USR00112,2022-09-16,1942.88,3885.76,-1942.88,2022
ORD000709,USR00120,2022-09-16,1166.93,2333.86,-1166.93,2022
ORD000780,USR00136,2022-09-12,130.47,260.94,-130.47,2022
ORD001032,USR00177,2022-09-11,659.94,1319.88,-659.94,2022
ORD001139,USR00201,2022-09-13,904.93,1809.8600000000001,-904.93,2022
ORD001292,USR00230,2022-09-17,993.63,1987.2600000000002,-993.63,2022
ORD001529,USR00280,2022-09-18,973.44,1946.88,-973.44,2022
ORD001628,USR00298,2022-09-18,1004.67,2009.34,-1004.67,2022
ORD001636,USR00298,2022-09-12,1998.26,3996.52,-1998.26,2022
ORD001667,USR00303,2022-09-17,508.15,1016.3,-508.15,2022
ORD001705,USR00310,2022-09-16,238.95,477.9,-238.95,2022
ORD001786,USR00322,2022-09-15,1610.36,3220.7200000000003,-1610.36,2022
ORD002022,USR00371,2022-09-18,2310.79,4621.58,-2310.79,2022
ORD002079,USR00382,2022-09-15,2486.87,4973.74,-2486.87,2022
ORD002117,USR00389,2022-09-11,904.86,1809.72,-904.86,2022
ORD002210,USR00407,2022-09-13,388.58,777.1600000000001,-388.58,2022
ORD002539,USR00461,2022-09-14,193.44,386.88,-193.44,2022
ORD002665,USR00483,2022-09-17,1086.9,2173.8,-1086.9,2022
ORD002709,USR00492,2022-09-12,1669.84,3339.6800000000003,-1669.84,2022
ORD002797,USR00509,2022-09-12,842.45,1684.9,-842.45,2022
ORD002945,USR00534,2022-09-17,1231.92,2463.84,-1231.92,2022
ORD003077,USR00558,2022-09-17,2665.58,5331.16,-2665.58,2022
ORD003184,USR00576,2022-09-18,615.9,1231.8,-615.9,2022
ORD003275,USR00593,2022-09-15,1772.9,3545.8,-1772.9,2022
ORD003279,USR00595,2022-09-18,1169.72,2339.44,-1169.72,2022
ORD003933,USR00715,2022-09-17,794.14,1588.2800000000002,-794.14,2022
ORD004418,USR00800,2022-09-18,666.11,1332.22,-666.11,2022
ORD004464,USR00809,2022-09-13,347.58,695.16,-347.58,2022
ORD004782,USR00869,2022-09-13,2551.77,5103.54,-2551.77,2022
ORD004990,USR00910,2022-09-11,1852.11,3704.22,-1852.11,2022
ORD005140,USR00934,2022-09-12,602.0,1204.0,-602.0,2022
ORD005630,USR01028,2022-09-14,992.36,1984.72,-992.36,2022
ORD005909,USR01079,2022-09-18,1065.27,2130.54,-1065.27,2022
ORD006110,USR01115,2022-09-11,2687.73,5375.46,-2687.73,2022
ORD006252,USR01143,2022-09-16,328.41,656.82,-328.41,2022
ORD006354,USR01163,2022-09-16,1338.05,2676.1,-1338.05,2022
ORD006493,USR01193,2022-09-14,181.92,363.84,-181.92,2022
ORD006812,USR01255,2022-09-11,1702.75,3405.5,-1702.75,2022
ORD006825,USR01258,2022-09-14,1067.97,2135.94,-1067.97,2022
ORD006935,USR01278,2022-09-17,187.98,375.96,-187.98,2022
ORD006954,USR01282,2022-09-14,304.98,609.96,-304.98,2022
ORD007107,USR01308,2022-09-16,1099.14,2198.2799999999997,-1099.14,2022
ORD007185,USR01322,2022-09-11,505.47,1010.94,-505.47,2022
ORD007483,USR01375,2022-09-14,1782.89,3565.78,-1782.89,2022
ORD007736,USR01423,2022-09-18,21.49,42.98,-21.49,2022
ORD007766,USR01426,2022-09-16,796.45,1592.9,-796.45,2022
ORD008096,USR01490,2022-09-13,1215.25,2430.5,-1215.25,2022
ORD008252,USR01514,2022-09-11,1945.3,3890.6000000000004,-1945.3,2022
ORD008490,USR01566,2022-09-16,1903.35,3806.7000000000003,-1903.35,2022
ORD008606,USR01585,2022-09-12,2284.99,4569.98,-2284.99,2022
ORD008635,USR01591,2022-09-14,2799.04,5598.08,-2799.04,2022
ORD008647,USR01593,2022-09-11,580.3,1160.6,-580.3,2022
ORD008670,USR01597,2022-09-18,421.96,843.92,-421.96,2022
ORD008686,USR01599,2022-09-18,516.45,1032.9,-516.45,2022
ORD008880,USR01639,2022-09-17,1131.73,2263.46,-1131.73,2022
ORD008898,USR01641,2022-09-18,2579.2,5158.4,-2579.2,2022
ORD009295,USR01712,2022-09-11,1146.53,2293.06,-1146.53,2022
ORD009299,USR01712,2022-09-18,727.93,1455.86,-727.93,2022
ORD009323,USR01716,2022-09-13,467.37,934.74,-467.37,2022
ORD009721,USR01783,2022-09-18,1664.06,3328.1200000000003,-1664.06,2022
ORD009826,USR01800,2022-09-11,836.34,1672.68,-836.34,2022
ORD010369,USR01896,2022-09-15,2145.9,4291.8,-2145.9,2022
ORD010407,USR01905,2022-09-11,407.43,814.8599999999999,-407.43,2022
ORD010696,USR01953,2022-09-18,1856.48,3712.96,-1856.48,2022
ORD010883,USR01984,2022-09-13,1110.4,2220.8,-1110.4,2022
ORD011211,USR02036,2022-09-15,2032.86,4065.7200000000003,-2032.86,2022
ORD011363,USR02069,2022-09-14,1462.75,2925.5,-1462.75,2022
ORD011497,USR02092,2022-09-13,2768.81,5537.620000000001,-2768.81,2022
ORD011508,USR02095,2022-09-12,673.54,1347.08,-673.54,2022
ORD011635,USR02115,2022-09-11,114.95,229.9,-114.95,2022
ORD011705,USR02133,2022-09-11,791.0,1582.0,-791.0,2022
ORD011794,USR02149,2022-09-17,518.13,1036.26,-518.13,2022
ORD012023,USR02193,2022-09-15,394.98,789.96,-394.98,2022
ORD012142,USR02218,2022-09-13,2467.77,4935.540000000001,-2467.77,2022
ORD012226,USR02231,2022-09-14,1934.47,3868.94,-1934.47,2022
ORD012829,USR02338,2022-09-14,1306.5,2613.0,-1306.5,2022
ORD012986,USR02361,2022-09-12,563.94,1127.88,-563.94,2022
ORD013273,USR02413,2022-09-13,1307.48,2614.96,-1307.48,2022
ORD013373,USR02431,2022-09-12,1098.94,2197.88,-1098.94,2022
ORD013551,USR02472,2022-09-15,85.57,171.14,-85.57,2022
ORD013863,USR02539,2022-09-18,929.5,1859.0,-929.5,2022
ORD014070,USR02580,2022-09-15,1074.94,2149.88,-1074.94,2022
ORD014119,USR02587,2022-09-16,1508.51,3017.02,-1508.51,2022
ORD014171,USR02597,2022-09-16,1250.48,2500.96,-1250.48,2022
ORD014305,USR02624,2022-09-12,1177.41,2354.82,-1177.41,2022
ORD014717,USR02705,2022-09-16,1619.9,3239.8,-1619.9,2022
ORD014847,USR02726,2022-09-15,358.61,717.22,-358.61,2022
ORD014863,USR02730,2022-09-12,2034.31,4068.62,-2034.31,2022
ORD015032,USR02763,2022-09-11,105.79,211.58,-105.79,2022
ORD015052,USR02766,2022-09-12,1130.29,2260.58,-1130.29,2022
ORD015245,USR02803,2022-09-18,335.94,671.88,-335.94,2022
ORD015502,USR02849,2022-09-17,558.95,1117.9,-558.95,2022
ORD015599,USR02866,2022-09-18,896.35,1792.7,-896.35,2022
ORD015639,USR02873,2022-09-14,1713.39,3426.78,-1713.39,2022
ORD015798,USR02903,2022-09-12,999.35,1998.7,-999.35,2022
ORD016022,USR02947,2022-09-16,1332.9,2665.8,-1332.9,2022
ORD016375,USR03010,2022-09-15,1753.79,3507.58,-1753.79,2022
ORD016398,USR03014,2022-09-12,654.14,1308.28,-654.14,2022
ORD016660,USR03065,2022-09-14,270.0,540.0,-270.0,2022
ORD016753,USR03083,2022-09-15,657.0,1314.0,-657.0,2022
ORD016845,USR03101,2022-09-16,99.58,199.16,-99.58,2022
ORD017579,USR03224,2022-09-18,2428.21,4856.42,-2428.21,2022
ORD017606,USR03228,2022-09-18,587.37,1174.74,-587.37,2022
ORD017739,USR03249,2022-09-15,2127.72,4255.4400000000005,-2127.72,2022
ORD017770,USR03255,2022-09-12,815.45,1630.9,-815.45,2022
ORD017830,USR03265,2022-09-13,1796.94,3593.88,-1796.94,2022
ORD017998,USR03297,2022-09-13,884.03,1768.06,-884.03,2022
ORD018039,USR03306,2022-09-11,796.98,1593.96,-796.98,2022
ORD018513,USR03390,2022-09-18,1355.24,2710.48,-1355.24,2022
ORD018532,USR03392,2022-09-14,2240.86,4481.72,-2240.86,2022
ORD018879,USR03455,2022-09-11,1875.9,3751.8,-1875.9,2022
ORD019097,USR03492,2022-09-12,26.98,53.96,-26.98,2022
ORD019269,USR03525,2022-09-14,921.94,1843.88,-921.94,2022
ORD019367,USR03543,2022-09-18,2778.28,5556.5599999999995,-2778.28,2022
ORD019464,USR03559,2022-09-14,427.16,854.32,-427.16,2022
ORD019722,USR03614,2022-09-14,1128.21,2256.42,-1128.21,2022
ORD019812,USR03627,2022-09-11,1913.06,3826.12,-1913.06,2022
ORD019929,USR03652,2022-09-18,695.72,1391.44,-695.72,2022
ORD020072,USR03680,2022-09-11,846.44,1692.88,-846.44,2022
ORD020124,USR03691,2022-09-17,367.16,734.32,-367.16,2022
ORD020142,USR03695,2022-09-18,1287.45,2574.9,-1287.45,2022
ORD020375,USR03735,2022-09-18,579.57,1159.1399999999999,-579.57,2022
ORD020542,USR03765,2022-09-14,2191.54,4383.08,-2191.54,2022
ORD020574,USR03770,2022-09-11,1643.69,3287.38,-1643.69,2022
ORD020790,USR03809,2022-09-14,381.01,762.02,-381.01,2022
ORD021085,USR03861,2022-09-14,939.43,1878.86,-939.43,2022
ORD021171,USR03874,2022-09-16,350.0,700.0,-350.0,2022
ORD021528,USR03937,2022-09-15,784.35,1568.7,-784.35,2022
ORD021569,USR03945,2022-09-13,1599.89,3199.7799999999997,-1599.89,2022
ORD021584,USR03948,2022-09-17,1107.77,2215.54,-1107.77,2022
ORD021585,USR03948,2022-09-16,164.05,328.1,-164.05,2022
ORD021626,USR03955,2022-09-12,1391.09,2782.1800000000003,-1391.09,2022
ORD021725,USR03974,2022-09-17,1100.94,2201.88,-1100.94,2022
ORD021813,USR03989,2022-09-12,503.97,1007.94,-503.97,2022
ORD021961,USR04021,2022-09-18,3203.3,6406.599999999999,-3203.3,2022
ORD022281,USR04083,2022-09-18,263.95,527.9,-263.95,2022
ORD022388,USR04102,2022-09-18,1701.91,3403.82,-1701.91,2022
ORD022512,USR04131,2022-09-16,454.56,909.12,-454.56,2022
ORD022695,USR04167,2022-09-16,889.45,1778.9,-889.45,2022
ORD022820,USR04192,2022-09-18,1095.94,2191.88,-1095.94,2022
ORD023084,USR04243,2022-09-16,981.0,1962.0,-981.0,2022
ORD023139,USR04254,2022-09-12,1697.9,3395.8,-1697.9,2022
ORD023265,USR04274,2022-09-17,1308.72,2617.44,-1308.72,2022
ORD023291,USR04280,2022-09-15,253.98,507.96,-253.98,2022
ORD023377,USR04297,2022-09-17,1325.09,2650.18,-1325.09,2022
ORD023399,USR04301,2022-09-15,356.35,712.7,-356.35,2022
ORD023563,USR04330,2022-09-15,3022.33,6044.66,-3022.33,2022
ORD023788,USR04367,2022-09-18,451.98,903.96,-451.98,2022
ORD024264,USR04458,2022-09-16,962.42,1924.8400000000001,-962.42,2022
ORD024394,USR04483,2022-09-18,1613.9,3227.8,-1613.9,2022
ORD024658,USR04535,2022-09-15,212.0,424.0,-212.0,2022
ORD024824,USR04565,2022-09-15,1470.31,2940.62,-1470.31,2022
ORD024844,USR04569,2022-09-17,1663.36,3326.7200000000003,-1663.36,2022
ORD024849,USR04569,2022-09-18,69.37,138.74,-69.37,2022
ORD024945,USR04590,2022-09-13,2695.84,5391.679999999999,-2695.84,2022
ORD025252,USR04643,2022-09-12,514.47,1028.94,-514.47,2022
ORD025419,USR04675,2022-09-13,1060.5,2121.0,-1060.5,2022
ORD025587,USR04703,2022-09-14,684.93,1369.8600000000001,-684.93,2022
ORD025785,USR04741,2022-09-14,3391.63,6783.26,-3391.63,2022
ORD025929,USR04770,2022-09-15,453.84,907.6800000000001,-453.84,2022
ORD026142,USR04807,2022-09-14,704.9,1409.8,-704.9,2022
ORD026362,USR04846,2022-09-15,400.0,800.0,-400.0,2022
ORD026558,USR04883,2022-09-13,1157.55,2315.1000000000004,-1157.55,2022
ORD027300,USR05018,2022-09-18,787.0,1574.0,-787.0,2022
ORD027783,USR05113,2022-09-16,1265.93,2531.86,-1265.93,2022
ORD028500,USR05232,2022-09-13,1016.03,2032.06,-1016.03,2022
ORD028570,USR05246,2022-09-13,1524.37,3048.7400000000002,-1524.37,2022
ORD028574,USR05247,2022-09-16,2260.4,4520.8,-2260.4,2022
ORD028582,USR05248,2022-09-11,908.25,1816.5,-908.25,2022
ORD028640,USR05259,2022-09-16,947.91,1895.8200000000002,-947.91,2022
ORD028747,USR05276,2022-09-11,125.79,251.58,-125.79,2022
ORD028748,USR05276,2022-09-13,314.44,628.88,-314.44,2022
ORD029100,USR05336,2022-09-16,1678.97,3357.94,-1678.97,2022
ORD029496,USR05408,2022-09-17,2472.94,4945.88,-2472.94,2022
ORD029728,USR05448,2022-09-17,352.47,704.94,-352.47,2022
ORD029786,USR05459,2022-09-14,116.0,232.0,-116.0,2022
ORD029953,USR05491,2022-09-14,527.45,1054.9,-527.45,2022
ORD030138,USR05523,2022-09-13,518.37,1036.74,-518.37,2022
ORD030429,USR05574,2022-09-15,225.0,450.0,-225.0,2022
ORD030566,USR05603,2022-09-18,1208.43,2416.86,-1208.43,2022
ORD030763,USR05637,2022-09-16,363.77,727.5400000000001,-363.77,2022
ORD030839,USR05648,2022-09-15,1245.22,2490.44,-1245.22,2022
ORD031072,USR05688,2022-09-14,577.47,1154.94,-577.47,2022
ORD031104,USR05694,2022-09-12,471.98,943.96,-471.98,2022
ORD031537,USR05774,2022-09-14,893.73,1787.46,-893.73,2022
ORD031624,USR05789,2022-09-13,1911.85,3823.7,-1911.85,2022
ORD031806,USR05823,2022-09-17,2732.12,5464.24,-2732.12,2022
ORD031849,USR05831,2022-09-15,2753.93,5507.860000000001,-2753.93,2022
ORD031952,USR05849,2022-09-11,1204.98,2409.96,-1204.98,2022
ORD031981,USR05856,2022-09-18,1294.26,2588.52,-1294.26,2022
ORD032066,USR05871,2022-09-17,711.45,1422.9,-711.45,2022
ORD032121,USR05880,2022-09-11,2233.9,4467.8,-2233.9,2022
ORD032380,USR05927,2022-09-15,525.96,1051.92,-525.96,2022
ORD032650,USR05976,2022-09-12,2475.25,4950.5,-2475.25,2022
ORD032670,USR05981,2022-09-15,435.46,870.9200000000001,-435.46,2022
ORD032956,USR06037,2022-09-16,60.98,121.96,-60.98,2022
ORD033289,USR06100,2022-09-12,1037.24,2074.48,-1037.24,2022
ORD033626,USR06162,2022-09-11,782.29,1564.58,-782.29,2022
ORD033799,USR06193,2022-09-13,845.28,1690.56,-845.28,2022
ORD034008,USR06230,2022-09-18,1247.96,2495.92,-1247.96,2022
ORD034083,USR06244,2022-09-15,950.14,1900.28,-950.14,2022
ORD034141,USR06255,2022-09-15,1347.29,2694.58,-1347.29,2022
ORD034257,USR06276,2022-09-14,677.9,1355.8000000000002,-677.9,2022
ORD034321,USR06289,2022-09-18,648.71,1297.42,-648.71,2022
ORD034420,USR06302,2022-09-11,1098.93,2197.86,-1098.93,2022
ORD034664,USR06347,2022-09-16,1850.1,3700.2000000000003,-1850.1,2022
ORD034790,USR06369,2022-09-13,822.82,1645.6399999999999,-822.82,2022
ORD034812,USR06372,2022-09-14,883.53,1767.06,-883.53,2022
ORD034821,USR06373,2022-09-15,1109.59,2219.18,-1109.59,2022
ORD035119,USR06430,2022-09-11,3666.94,7333.88,-3666.94,2022
ORD035316,USR06470,2022-09-17,199.16,398.32,-199.16,2022
ORD035474,USR06498,2022-09-17,1452.76,2905.52,-1452.76,2022
ORD035558,USR06516,2022-09-14,2075.85,4151.7,-2075.85,2022
ORD035608,USR06525,2022-09-17,1373.88,2747.76,-1373.88,2022
ORD035720,USR06546,2022-09-13,328.98,657.96,-328.98,2022
ORD035869,USR06577,2022-09-18,603.93,1207.8600000000001,-603.93,2022
ORD036094,USR06616,2022-09-14,1548.3,3096.6,-1548.3,2022
ORD036244,USR06646,2022-09-17,429.49,858.98,-429.49,2022
ORD036302,USR06656,2022-09-11,1011.16,2022.3200000000002,-1011.16,2022
ORD036402,USR06677,2022-09-15,2030.41,4060.8199999999997,-2030.41,2022
ORD036521,USR06702,2022-09-15,1568.95,3137.9,-1568.95,2022
ORD036559,USR06707,2022-09-18,293.98,587.96,-293.98,2022
ORD036578,USR06712,2022-09-18,786.15,1572.3,-786.15,2022
ORD037139,USR06806,2022-09-15,2760.45,5520.9,-2760.45,2022
ORD037316,USR06838,2022-09-17,3266.17,6532.34,-3266.17,2022
ORD037506,USR06867,2022-09-18,1079.53,2159.06,-1079.53,2022
ORD037816,USR06924,2022-09-13,1104.09,2208.1800000000003,-1104.09,2022
ORD037979,USR06956,2022-09-13,679.95,1359.9,-679.95,2022
ORD038466,USR07043,2022-09-14,2484.6,4969.2,-2484.6,2022
ORD038538,USR07055,2022-09-15,137.37,274.74,-137.37,2022
ORD038540,USR07056,2022-09-18,1104.44,2208.88,-1104.44,2022
ORD038786,USR07099,2022-09-14,815.43,1630.8600000000001,-815.43,2022
ORD039147,USR07167,2022-09-16,684.0,1368.0,-684.0,2022
ORD039188,USR07173,2022-09-18,699.9,1399.8,-699.9,2022
ORD039506,USR07230,2022-09-13,1929.75,3859.5,-1929.75,2022
ORD039566,USR07244,2022-09-17,1885.97,3771.94,-1885.97,2022
ORD039625,USR07254,2022-09-13,271.58,543.16,-271.58,2022
ORD039837,USR07295,2022-09-13,1319.95,2639.9,-1319.95,2022
ORD039943,USR07317,2022-09-11,1430.55,2861.1000000000004,-1430.55,2022
ORD039974,USR07322,2022-09-13,868.96,1737.92,-868.96,2022
ORD040019,USR07333,2022-09-11,1448.44,2896.88,-1448.44,2022
ORD040377,USR07407,2022-09-12,92.97,185.94,-92.97,2022
ORD040897,USR07504,2022-09-11,1269.56,2539.12,-1269.56,2022
ORD041004,USR07529,2022-09-17,1627.46,3254.92,-1627.46,2022
ORD041068,USR07543,2022-09-16,664.11,1328.22,-664.11,2022
ORD041265,USR07582,2022-09-18,1266.42,2532.84,-1266.42,2022
ORD041391,USR07607,2022-09-14,1052.84,2105.6800000000003,-1052.84,2022
ORD041478,USR07622,2022-09-17,356.98,713.96,-356.98,2022
ORD041519,USR07630,2022-09-12,703.42,1406.8400000000001,-703.42,2022
ORD041654,USR07657,2022-09-17,1403.72,2807.44,-1403.72,2022
ORD041669,USR07659,2022-09-13,2275.99,4551.98,-2275.99,2022
ORD041766,USR07678,2022-09-12,743.0,1486.0,-743.0,2022
ORD041780,USR07680,2022-09-13,935.86,1871.7200000000003,-935.86,2022
ORD042095,USR07739,2022-09-12,461.96,923.9200000000001,-461.96,2022
ORD042121,USR07744,2022-09-12,545.31,1090.62,-545.31,2022
ORD042182,USR07758,2022-09-12,1191.37,2382.74,-1191.37,2022
ORD042198,USR07761,2022-09-14,89.99,179.98,-89.99,2022
ORD042280,USR07778,2022-09-17,393.94,787.8800000000001,-393.94,2022
ORD042472,USR07814,2022-09-14,1382.95,2765.9,-1382.95,2022
ORD042841,USR07890,2022-09-18,190.0,380.0,-190.0,2022
ORD042890,USR07898,2022-09-13,198.86,397.71999999999997,-198.86,2022
ORD043048,USR07927,2022-09-16,2213.5,4427.0,-2213.5,2022
ORD043279,USR07973,2022-09-16,895.0,1790.0,-895.0,2022
ORD043561,USR08024,2022-09-11,818.94,1637.88,-818.94,2022
ORD043572,USR08026,2022-09-12,1294.43,2588.86,-1294.43,2022
ORD043789,USR08067,2022-09-18,1959.96,3919.92,-1959.96,2022
ORD043932,USR08092,2022-09-12,1388.09,2776.18,-1388.09,2022
ORD044125,USR08130,2022-09-11,1801.9,3603.8,-1801.9,2022
ORD044957,USR08293,2022-09-13,715.92,1431.84,-715.92,2022
ORD044968,USR08294,2022-09-12,2040.61,4081.2200000000003,-2040.61,2022
ORD045153,USR08332,2022-09-15,320.0,640.0,-320.0,2022
ORD045305,USR08356,2022-09-14,750.43,1500.8600000000001,-750.43,2022
ORD045586,USR08405,2022-09-13,2548.41,5096.82,-2548.41,2022
ORD046039,USR08487,2022-09-17,1791.69,3583.38,-1791.69,2022
ORD046500,USR08571,2022-09-15,227.16,454.32,-227.16,2022
ORD046789,USR08626,2022-09-15,1708.83,3417.6600000000003,-1708.83,2022
ORD047112,USR08681,2022-09-12,831.43,1662.8600000000001,-831.43,2022
ORD047132,USR08685,2022-09-16,1212.86,2425.72,-1212.86,2022
ORD047183,USR08696,2022-09-13,293.96,587.9200000000001,-293.96,2022
ORD047191,USR08697,2022-09-12,443.97,887.94,-443.97,2022
ORD047282,USR08714,2022-09-13,1549.93,3099.86,-1549.93,2022
ORD047531,USR08764,2022-09-18,2528.24,5056.48,-2528.24,2022
ORD047535,USR08765,2022-09-13,1137.39,2274.7799999999997,-1137.39,2022
ORD047791,USR08810,2022-09-15,983.89,1967.78,-983.89,2022
ORD047855,USR08821,2022-09-17,2183.94,4367.88,-2183.94,2022
ORD048023,USR08846,2022-09-13,2526.46,5052.92,-2526.46,2022
ORD048417,USR08925,2022-09-11,320.97,641.94,-320.97,2022
ORD048434,USR08928,2022-09-14,750.0,1500.0,-750.0,2022
ORD048725,USR08983,2022-09-16,540.0,1080.0,-540.0,2022
ORD048890,USR09011,2022-09-13,882.01,1764.02,-882.01,2022
ORD049074,USR09041,2022-09-11,1253.88,2507.76,-1253.88,2022
ORD049611,USR09139,2022-09-16,259.47,518.94,-259.47,2022
ORD049778,USR09164,2022-09-17,87.0,174.0,-87.0,2022
ORD050077,USR09219,2022-09-12,626.31,1252.62,-626.31,2022
ORD050408,USR09282,2022-09-12,287.16,574.32,-287.16,2022
ORD051076,USR09402,2022-09-16,556.95,1113.9,-556.95,2022
ORD051113,USR09407,2022-09-11,1208.52,2417.04,-1208.52,2022
ORD051158,USR09415,2022-09-12,597.98,1195.96,-597.98,2022
ORD051208,USR09422,2022-09-14,669.58,1339.1599999999999,-669.58,2022
ORD051390,USR09458,2022-09-17,2431.86,4863.72,-2431.86,2022
ORD052012,USR09572,2022-09-17,1249.49,2498.98,-1249.49,2022
ORD052017,USR09572,2022-09-17,961.44,1922.88,-961.44,2022
ORD052119,USR09589,2022-09-13,3038.83,6077.66,-3038.83,2022
ORD052133,USR09593,2022-09-14,874.53,1749.0600000000002,-874.53,2022
ORD052434,USR09651,2022-09-18,1920.17,3840.34,-1920.17,2022
ORD052649,USR09694,2022-09-12,431.85,863.7,-431.85,2022
ORD052785,USR09719,2022-09-12,1849.9,3699.8,-1849.9,2022
ORD053449,USR09833,2022-09-17,666.54,1333.0800000000002,-666.54,2022
ORD053551,USR09853,2022-09-17,1966.82,3933.6400000000003,-1966.82,2022
ORD053692,USR09881,2022-09-14,1855.75,3711.5,-1855.75,2022
ORD054055,USR09948,2022-09-16,885.45,1770.9,-885.45,2022
ORD054136,USR09961,2022-09-16,1338.19,2676.3799999999997,-1338.19,2022
ORD054246,USR09982,2022-09-15,141.34,282.67999999999995,-141.34,2022
ORD054343,USR10002,2022-09-15,2459.78,4919.56,-2459.78,2022
ORD054622,USR10052,2022-09-13,358.47,716.94,-358.47,2022
ORD054625,USR10053,2022-09-18,464.37,928.74,-464.37,2022
ORD054652,USR10057,2022-09-14,2470.27,4940.54,-2470.27,2022
ORD054891,USR10098,2022-09-13,441.98,883.96,-441.98,2022
ORD055525,USR10216,2022-09-12,1725.27,3450.54,-1725.27,2022
ORD056029,USR10311,2022-09-15,1015.92,2031.8400000000001,-1015.92,2022
ORD056203,USR10339,2022-09-12,351.96,703.92,-351.96,2022
ORD056209,USR10341,2022-09-11,113.37,226.74,-113.37,2022
ORD056254,USR10348,2022-09-16,752.94,1505.88,-752.94,2022
ORD056484,USR10387,2022-09-11,360.0,720.0,-360.0,2022
ORD056496,USR10389,2022-09-14,173.98,347.96,-173.98,2022
ORD056877,USR10455,2022-09-14,1760.91,3521.82,-1760.91,2022
ORD057019,USR10483,2022-09-12,862.94,1725.88,-862.94,2022
ORD057283,USR10535,2022-09-17,1179.88,2359.76,-1179.88,2022
ORD057480,USR10567,2022-09-11,1402.91,2805.82,-1402.91,2022
ORD057685,USR10603,2022-09-15,365.77,731.54,-365.77,2022
ORD058153,USR10689,2022-09-17,504.33,1008.66,-504.33,2022
ORD058188,USR10694,2022-09-13,518.63,1037.26,-518.63,2022
ORD058243,USR10703,2022-09-14,873.19,1746.38,-873.19,2022
ORD058743,USR10801,2022-09-14,3708.35,7416.700000000001,-3708.35,2022
ORD058745,USR10801,2022-09-13,866.91,1733.82,-866.91,2022
ORD058950,USR10835,2022-09-16,108.0,216.0,-108.0,2022
ORD058963,USR10838,2022-09-11,542.97,1085.94,-542.97,2022
ORD059068,USR10857,2022-09-11,1980.86,3961.72,-1980.86,2022
ORD059257,USR10891,2022-09-17,917.9,1835.8,-917.9,2022
ORD059278,USR10895,2022-09-14,287.92,575.84,-287.92,2022
ORD059672,USR10965,2022-09-16,2855.26,5710.52,-2855.26,2022
ORD059685,USR10967,2022-09-15,2699.76,5399.52,-2699.76,2022
ORD059891,USR10999,2022-09-12,731.16,1462.32,-731.16,2022
ORD060006,USR11022,2022-09-14,1877.31,3754.62,-1877.31,2022
ORD060549,USR11116,2022-09-18,190.98,381.96,-190.98,2022
ORD061114,USR11216,2022-09-12,1267.5,2535.0,-1267.5,2022
ORD061300,USR11260,2022-09-13,1432.98,2865.96,-1432.98,2022
ORD061392,USR11275,2022-09-12,870.43,1740.86,-870.43,2022
ORD061458,USR11285,2022-09-17,1883.98,3767.96,-1883.98,2022
ORD061767,USR11344,2022-09-14,2109.19,4218.38,-2109.19,2022
ORD061871,USR11363,2022-09-15,289.47,578.94,-289.47,2022
ORD062057,USR11395,2022-09-14,1981.05,3962.1,-1981.05,2022
ORD062876,USR11544,2022-09-11,558.54,1117.08,-558.54,2022
ORD062946,USR11559,2022-09-11,1635.29,3270.58,-1635.29,2022
ORD063072,USR11581,2022-09-13,210.79,421.58000000000004,-210.79,2022
ORD063252,USR11610,2022-09-17,741.26,1482.52,-741.26,2022
ORD063255,USR11610,2022-09-14,1066.8,2133.6,-1066.8,2022
ORD063414,USR11636,2022-09-15,1915.14,3830.2799999999997,-1915.14,2022
ORD063672,USR11681,2022-09-15,2562.36,5124.72,-2562.36,2022
ORD063678,USR11682,2022-09-16,468.96,937.9200000000001,-468.96,2022
ORD063771,USR11698,2022-09-14,919.95,1839.9,-919.95,2022
ORD063835,USR11710,2022-09-11,380.77,761.54,-380.77,2022
ORD063905,USR11723,2022-09-13,1336.91,2673.82,-1336.91,2022
ORD064061,USR11749,2022-09-11,894.87,1789.74,-894.87,2022
ORD064256,USR11783,2022-09-15,368.0,736.0,-368.0,2022
ORD064599,USR11849,2022-09-14,1816.33,3632.66,-1816.33,2022
ORD064956,USR11912,2022-09-17,1301.96,2603.92,-1301.96,2022
ORD065043,USR11926,2022-09-13,818.92,1637.8400000000001,-818.92,2022
ORD065264,USR11962,2022-09-14,1987.44,3974.88,-1987.44,2022
ORD065320,USR11972,2022-09-18,912.55,1825.1000000000001,-912.55,2022
ORD065495,USR12001,2022-09-12,551.96,1103.92,-551.96,2022
ORD065789,USR12054,2022-09-16,2646.89,5293.780000000001,-2646.89,2022
ORD067044,USR12289,2022-09-12,2019.96,4039.92,-2019.96,2022
ORD067058,USR12290,2022-09-17,1911.83,3823.66,-1911.83,2022
ORD067566,USR12381,2022-09-11,1438.93,2877.86,-1438.93,2022
ORD067734,USR12407,2022-09-18,392.45,784.9,-392.45,2022
ORD067814,USR12421,2022-09-17,859.95,1719.9,-859.95,2022
ORD067917,USR12442,2022-09-14,275.48,550.96,-275.48,2022
ORD068045,USR12466,2022-09-18,464.98,929.96,-464.98,2022
ORD068233,USR12503,2022-09-14,1519.0,3038.0,-1519.0,2022
ORD068297,USR12514,2022-09-18,882.56,1765.12,-882.56,2022
ORD068371,USR12523,2022-09-15,2151.9,4303.8,-2151.9,2022
ORD068463,USR12537,2022-09-13,1084.71,2169.42,-1084.71,2022
ORD068602,USR12562,2022-09-16,916.49,1832.98,-916.49,2022
ORD068930,USR12625,2022-09-15,793.95,1587.9,-793.95,2022
ORD068989,USR12634,2022-09-15,923.12,1846.24,-923.12,2022
ORD069086,USR12650,2022-09-17,1479.84,2959.6800000000003,-1479.84,2022
ORD069453,USR12712,2022-09-18,1663.0,3326.0,-1663.0,2022
ORD070199,USR12853,2022-09-11,2337.33,4674.66,-2337.33,2022
ORD070263,USR12861,2022-09-13,484.33,968.6600000000001,-484.33,2022
ORD070362,USR12882,2022-09-15,1343.46,2686.92,-1343.46,2022
ORD070433,USR12897,2022-09-16,1393.92,2787.84,-1393.92,2022
ORD070483,USR12908,2022-09-15,279.95,559.9,-279.95,2022
ORD070532,USR12918,2022-09-16,1113.53,2227.06,-1113.53,2022
ORD070956,USR12996,2022-09-17,149.0,298.0,-149.0,2022
ORD071339,USR13072,2022-09-13,1638.68,3277.36,-1638.68,2022
ORD071758,USR13151,2022-09-11,864.61,1729.22,-864.61,2022
ORD071811,USR13159,2022-09-13,581.24,1162.48,-581.24,2022
ORD072052,USR13199,2022-09-15,1870.32,3740.6400000000003,-1870.32,2022
ORD072269,USR13240,2022-09-11,1521.27,3042.54,-1521.27,2022
ORD072368,USR13259,2022-09-14,923.16,1846.3200000000002,-923.16,2022
ORD072407,USR13269,2022-09-16,987.92,1975.84,-987.92,2022
ORD072456,USR13275,2022-09-13,1353.93,2707.86,-1353.93,2022
ORD072524,USR13287,2022-09-12,1252.1,2504.2,-1252.1,2022
ORD072869,USR13353,2022-09-14,858.52,1717.04,-858.52,2022
ORD072904,USR13357,2022-09-16,521.95,1043.9,-521.95,2022
ORD073013,USR13382,2022-09-16,780.58,1561.1599999999999,-780.58,2022
ORD073316,USR13434,2022-09-13,1574.37,3148.7400000000002,-1574.37,2022
ORD073399,USR13448,2022-09-13,729.0,1458.0,-729.0,2022
ORD073425,USR13453,2022-09-18,895.74,1791.48,-895.74,2022
ORD073873,USR13536,2022-09-18,378.95,757.9,-378.95,2022
ORD073969,USR13552,2022-09-15,2387.03,4774.06,-2387.03,2022
ORD074243,USR13598,2022-09-11,2124.31,4248.62,-2124.31,2022
ORD074662,USR13685,2022-09-17,1486.57,2973.14,-1486.57,2022
ORD074763,USR13703,2022-09-14,30.79,61.58,-30.79,2022
ORD074925,USR13734,2022-09-13,1669.32,3338.6400000000003,-1669.32,2022
ORD075155,USR13779,2022-09-14,63.98,127.96,-63.98,2022
ORD075512,USR13848,2022-09-15,236.98,473.96,-236.98,2022
ORD075564,USR13856,2022-09-14,715.67,1431.3400000000001,-715.67,2022
ORD075597,USR13865,2022-09-16,324.99,649.98,-324.99,2022
ORD075795,USR13905,2022-09-13,2751.36,5502.72,-2751.36,2022
ORD076005,USR13939,2022-09-17,785.9,1571.8000000000002,-785.9,2022
ORD076098,USR13953,2022-09-11,1705.58,3411.16,-1705.58,2022
ORD076121,USR13959,2022-09-11,1365.96,2731.92,-1365.96,2022
ORD076340,USR14000,2022-09-11,673.37,1346.74,-673.37,2022
ORD076344,USR14001,2022-09-18,553.93,1107.8600000000001,-553.93,2022
ORD076899,USR14103,2022-09-13,1942.59,3885.18,-1942.59,2022
ORD076950,USR14115,2022-09-15,348.0,696.0,-348.0,2022
ORD077794,USR14265,2022-09-11,201.37,402.74,-201.37,2022
ORD077945,USR14288,2022-09-11,139.92,279.84,-139.92,2022
ORD077981,USR14295,2022-09-15,411.16,822.3199999999999,-411.16,2022
ORD078030,USR14306,2022-09-17,528.12,1056.24,-528.12,2022
ORD078033,USR14306,2022-09-17,994.65,1989.3,-994.65,2022
ORD078118,USR14323,2022-09-15,1434.05,2868.1,-1434.05,2022
ORD078572,USR14406,2022-09-12,1217.96,2435.92,-1217.96,2022
ORD078671,USR14427,2022-09-13,1744.27,3488.54,-1744.27,2022
ORD078711,USR14433,2022-09-18,1135.73,2271.46,-1135.73,2022
ORD078726,USR14437,2022-09-14,649.95,1299.9,-649.95,2022
ORD078786,USR14447,2022-09-17,1766.86,3533.7200000000003,-1766.86,2022
ORD079017,USR14492,2022-09-15,1548.37,3096.7400000000002,-1548.37,2022
ORD079074,USR14502,2022-09-11,1685.88,3371.76,-1685.88,2022
ORD079081,USR14504,2022-09-11,708.0,1416.0,-708.0,2022
ORD079276,USR14536,2022-09-15,1262.07,2524.14,-1262.07,2022
ORD079706,USR14609,2022-09-18,1029.79,2059.58,-1029.79,2022
ORD079908,USR14643,2022-09-17,452.37,904.74,-452.37,2022
ORD080138,USR14690,2022-09-13,559.93,1119.86,-559.93,2022
ORD080255,USR14713,2022-09-15,940.14,1880.28,-940.14,2022
ORD080299,USR14721,2022-09-12,213.53,427.06,-213.53,2022
ORD080720,USR14792,2022-09-11,543.96,1087.92,-543.96,2022
ORD080866,USR14819,2022-09-18,1446.39,2892.78,-1446.39,2022
ORD080926,USR14829,2022-09-16,186.14,372.28,-186.14,2022
ORD080962,USR14836,2022-09-14,2092.37,4184.74,-2092.37,2022
ORD081257,USR14894,2022-09-15,226.95,453.9,-226.95,2022
ORD081276,USR14896,2022-09-16,66.0,132.0,-66.0,2022
ORD081767,USR14984,2022-09-15,2574.7,5149.400000000001,-2574.7,2022
ORD081776,USR14985,2022-09-12,4126.81,8253.62,-4126.81,2022
ORD000053,USR00010,2023-02-14,769.94,2309.82,-1539.88,2023
ORD000461,USR00083,2023-02-17,457.92,1373.76,-915.84,2023
ORD000508,USR00089,2023-02-17,1439.9,4319.7,-2879.8,2023
ORD000927,USR00156,2023-02-16,876.8,2630.4,-1753.6,2023
ORD001035,USR00178,2023-02-13,369.96,1109.88,-739.92,2023
ORD001206,USR00215,2023-02-16,1209.92,3629.76,-2419.84,2023
ORD001329,USR00238,2023-02-17,581.97,1745.91,-1163.94,2023
ORD001453,USR00264,2023-02-16,1468.84,4406.52,-2937.68,2023
ORD001812,USR00328,2023-02-14,2774.44,8323.32,-5548.88,2023
ORD001814,USR00328,2023-02-16,1705.87,5117.610000000001,-3411.74,2023
ORD001816,USR00328,2023-02-14,654.95,1964.85,-1309.9,2023
ORD002476,USR00451,2023-02-14,302.37,907.11,-604.74,2023
ORD002544,USR00463,2023-02-17,1793.16,5379.48,-3586.32,2023
ORD002763,USR00503,2023-02-17,1440.8,4322.4,-2881.6,2023
ORD002785,USR00508,2023-02-15,1369.67,4109.01,-2739.34,2023
ORD002864,USR00520,2023-02-13,613.74,1841.22,-1227.48,2023
ORD002983,USR00541,2023-02-13,1456.93,4370.79,-2913.86,2023
ORD003519,USR00641,2023-02-16,2604.32,7812.96,-5208.64,2023
ORD003626,USR00661,2023-02-15,1120.42,3361.26,-2240.84,2023
ORD003673,USR00670,2023-02-14,947.45,2842.35,-1894.9,2023
ORD004001,USR00728,2023-02-17,1679.94,5039.82,-3359.88,2023
ORD004422,USR00802,2023-02-15,793.74,2381.22,-1587.48,2023
ORD004533,USR00821,2023-02-16,509.43,1528.29,-1018.86,2023
ORD004614,USR00835,2023-02-15,239.53,718.59,-479.06,2023
ORD005183,USR00941,2023-02-14,177.98,533.94,-355.96,2023
ORD005257,USR00956,2023-02-15,439.95,1319.85,-879.9,2023
ORD005925,USR01082,2023-02-14,1496.05,4488.15,-2992.1,2023
ORD006370,USR01167,2023-02-14,710.76,2132.28,-1421.52,2023
ORD006516,USR01198,2023-02-16,1399.58,4198.74,-2799.16,2023
ORD006568,USR01208,2023-02-17,903.92,2711.76,-1807.84,2023
ORD006676,USR01229,2023-02-14,119.94,359.82,-239.88,2023
ORD006720,USR01239,2023-02-13,1286.88,3860.64,-2573.76,2023
ORD007159,USR01317,2023-02-15,427.16,1281.48,-854.32,2023
ORD007639,USR01405,2023-02-14,2644.9,7934.7,-5289.8,2023
ORD007664,USR01409,2023-02-17,144.0,432.0,-288.0,2023
ORD007687,USR01415,2023-02-15,3640.47,10921.41,-7280.94,2023
ORD007811,USR01437,2023-02-16,106.0,318.0,-212.0,2023
ORD008102,USR01491,2023-02-17,1921.84,5765.5199999999995,-3843.68,2023
ORD008205,USR01507,2023-02-14,31.47,94.41,-62.94,2023
ORD008890,USR01640,2023-02-17,1563.05,4689.15,-3126.1,2023
ORD009167,USR01687,2023-02-17,1386.56,4159.68,-2773.12,2023
ORD010311,USR01888,2023-02-17,3950.84,11852.52,-7901.68,2023
ORD011240,USR02044,2023-02-14,259.47,778.41,-518.94,2023
ORD011375,USR02073,2023-02-13,1559.94,4679.82,-3119.88,2023
ORD011475,USR02089,2023-02-17,1256.35,3769.05,-2512.7,2023
ORD011483,USR02090,2023-02-17,254.0,762.0,-508.0,2023
ORD011675,USR02128,2023-02-17,659.94,1979.8200000000002,-1319.88,2023
ORD011975,USR02184,2023-02-13,563.37,1690.1100000000001,-1126.74,2023
ORD012675,USR02310,2023-02-17,634.95,1904.85,-1269.9,2023
ORD014851,USR02727,2023-02-15,694.43,2083.29,-1388.86,2023
ORD015656,USR02876,2023-02-16,3689.77,11069.310000000001,-7379.54,2023
ORD015784,USR02900,2023-02-13,1154.4,3463.2000000000003,-2308.8,2023
ORD015962,USR02935,2023-02-15,2418.47,7255.41,-4836.94,2023
ORD016575,USR03050,2023-02-15,171.98,515.94,-343.96,2023
ORD017522,USR03214,2023-02-15,364.98,1094.94,-729.96,2023
ORD017815,USR03263,2023-02-14,1445.16,4335.48,-2890.32,2023
ORD017826,USR03265,2023-02-16,554.37,1663.11,-1108.74,2023
ORD017835,USR03266,2023-02-15,1156.99,3470.97,-2313.98,2023
ORD019043,USR03484,2023-02-17,1227.67,3683.01,-2455.34,2023
ORD019363,USR03542,2023-02-15,1060.4,3181.2,-2120.8,2023
ORD019686,USR03604,2023-02-14,3017.33,9051.99,-6034.66,2023
ORD020006,USR03666,2023-02-17,732.28,2196.84,-1464.56,2023
ORD020307,USR03722,2023-02-15,1340.45,4021.35,-2680.9,2023
ORD020386,USR03738,2023-02-15,2707.83,8123.49,-5415.66,2023
ORD020544,USR03765,2023-02-16,658.41,1975.23,-1316.82,2023
ORD020607,USR03777,2023-02-15,1582.75,4748.25,-3165.5,2023
ORD021189,USR03877,2023-02-14,107.92,323.76,-215.84,2023
ORD021804,USR03988,2023-02-14,1124.92,3374.76,-2249.84,2023
ORD021854,USR03998,2023-02-17,1861.6,5584.8,-3723.2,2023
ORD022155,USR04059,2023-02-15,822.46,2467.38,-1644.92,2023
ORD023606,USR04337,2023-02-14,127.78,383.34000000000003,-255.56,2023
ORD024203,USR04444,2023-02-14,942.0,2826.0,-1884.0,2023
ORD024274,USR04460,2023-02-15,958.15,2874.4500000000003,-1916.3,2023
ORD024564,USR04517,2023-02-17,2700.3,8100.9,-5400.6,2023
ORD024569,USR04519,2023-02-14,421.12,1263.3600000000001,-842.24,2023
ORD024606,USR04528,2023-02-17,1117.9,3353.7,-2235.8,2023
ORD024859,USR04572,2023-02-16,16.79,50.37,-33.58,2023
ORD025152,USR04626,2023-02-14,3271.61,9814.83,-6543.22,2023
ORD025155,USR04626,2023-02-16,1006.3,3018.9,-2012.6,2023
ORD025640,USR04714,2023-02-13,308.05,924.15,-616.1,2023
ORD025676,USR04719,2023-02-15,2084.98,6254.9400000000005,-4169.96,2023
ORD025843,USR04751,2023-02-17,374.94,1124.8200000000002,-749.88,2023
ORD026400,USR04852,2023-02-16,1926.86,5780.58,-3853.72,2023
ORD026532,USR04879,2023-02-13,1687.87,5063.610000000001,-3375.74,2023
ORD026842,USR04934,2023-02-16,183.92,551.76,-367.84,2023
ORD026964,USR04955,2023-02-14,538.95,1616.85,-1077.9,2023
ORD027245,USR05008,2023-02-15,1199.91,3599.73,-2399.82,2023
ORD027965,USR05143,2023-02-15,595.29,1785.87,-1190.58,2023
ORD028229,USR05182,2023-02-14,1081.45,3244.3500000000004,-2162.9,2023
ORD028452,USR05219,2023-02-17,1563.53,4690.59,-3127.06,2023
ORD028474,USR05227,2023-02-13,1509.0,4527.0,-3018.0,2023
ORD028587,USR05249,2023-02-17,509.97,1529.91,-1019.94,2023
ORD028806,USR05288,2023-02-15,1560.41,4681.23,-3120.82,2023
ORD028997,USR05319,2023-02-13,833.78,2501.34,-1667.56,2023
ORD029452,USR05401,2023-02-14,273.98,821.94,-547.96,2023
ORD029621,USR05430,2023-02-14,2505.81,7517.43,-5011.62,2023
ORD029862,USR05473,2023-02-17,556.47,1669.41,-1112.94,2023
ORD030314,USR05554,2023-02-13,3012.51,9037.529999999999,-6025.02,2023
ORD030403,USR05569,2023-02-14,1159.96,3479.88,-2319.92,2023
ORD030914,USR05659,2023-02-16,206.0,618.0,-412.0,2023
ORD030925,USR05661,2023-02-17,583.95,1751.85,-1167.9,2023
ORD031056,USR05685,2023-02-16,1310.36,3931.0800000000004,-2620.72,2023
ORD031166,USR05703,2023-02-14,149.96,449.88,-299.92,2023
ORD031493,USR05766,2023-02-14,2166.32,6498.96,-4332.64,2023
ORD031670,USR05797,2023-02-13,669.79,2009.37,-1339.58,2023
ORD032370,USR05925,2023-02-17,680.47,2041.4099999999999,-1360.94,2023
ORD032404,USR05929,2023-02-15,444.0,1332.0,-888.0,2023
ORD032569,USR05958,2023-02-14,225.98,677.94,-451.96,2023
ORD032782,USR06003,2023-02-17,1983.83,5951.49,-3967.66,2023
ORD032995,USR06045,2023-02-13,2293.44,6880.32,-4586.88,2023
ORD033357,USR06112,2023-02-13,2633.23,7899.69,-5266.46,2023
ORD033511,USR06139,2023-02-16,922.61,2767.83,-1845.22,2023
ORD033937,USR06219,2023-02-15,2624.83,7874.49,-5249.66,2023
ORD034228,USR06272,2023-02-14,337.97,1013.9100000000001,-675.94,2023
ORD034596,USR06335,2023-02-15,1404.74,4214.22,-2809.48,2023
ORD034722,USR06357,2023-02-16,4079.27,12237.81,-8158.54,2023
ORD034794,USR06370,2023-02-15,1346.05,4038.15,-2692.1,2023
ORD035320,USR06471,2023-02-14,257.07,771.21,-514.14,2023
ORD035577,USR06519,2023-02-13,384.95,1154.85,-769.9,2023
ORD035777,USR06559,2023-02-13,1827.85,5483.549999999999,-3655.7,2023
ORD036023,USR06602,2023-02-15,450.0,1350.0,-900.0,2023
ORD036890,USR06763,2023-02-14,2089.86,6269.58,-4179.72,2023
ORD037017,USR06785,2023-02-15,405.98,1217.94,-811.96,2023
ORD037032,USR06787,2023-02-15,642.94,1928.8200000000002,-1285.88,2023
ORD037262,USR06830,2023-02-16,1095.39,3286.17,-2190.78,2023
ORD037268,USR06831,2023-02-16,984.41,2953.23,-1968.82,2023
ORD037292,USR06835,2023-02-14,454.96,1364.88,-909.92,2023
ORD037374,USR06846,2023-02-14,289.47,868.41,-578.94,2023
ORD037636,USR06888,2023-02-15,849.91,2549.73,-1699.82,2023
ORD038262,USR07009,2023-02-16,2120.65,6361.95,-4241.3,2023
ORD038429,USR07037,2023-02-17,1109.31,3327.9300000000003,-2218.62,2023
ORD038632,USR07076,2023-02-15,344.46,1033.3799999999999,-688.92,2023
ORD038900,USR07120,2023-02-17,2877.82,8633.46,-5755.64,2023
ORD039768,USR07284,2023-02-17,2344.09,7032.27,-4688.18,2023
ORD040262,USR07380,2023-02-16,199.47,598.41,-398.94,2023
ORD041067,USR07542,2023-02-15,206.43,619.29,-412.86,2023
ORD041240,USR07577,2023-02-13,388.95,1166.85,-777.9,2023
ORD042049,USR07731,2023-02-13,2087.71,6263.129999999999,-4175.42,2023
ORD042097,USR07739,2023-02-14,1083.98,3251.94,-2167.96,2023
ORD042201,USR07762,2023-02-14,873.99,2621.9700000000003,-1747.98,2023
ORD042433,USR07808,2023-02-17,1165.4,3496.2000000000003,-2330.8,2023
ORD042604,USR07838,2023-02-16,251.58,754.74,-503.16,2023
ORD042732,USR07866,2023-02-17,1081.4,3244.2,-2162.8,2023
ORD042739,USR07868,2023-02-14,1558.08,4674.24,-3116.16,2023
ORD042862,USR07894,2023-02-15,961.25,2883.75,-1922.5,2023
ORD043360,USR07986,2023-02-16,2345.3,7035.900000000001,-4690.6,2023
ORD043459,USR08005,2023-02-15,467.03,1401.0900000000001,-934.06,2023
ORD043813,USR08072,2023-02-17,1004.73,3014.19,-2009.46,2023
ORD043983,USR08103,2023-02-15,96.0,288.0,-192.0,2023
ORD044449,USR08193,2023-02-13,342.98,1028.94,-685.96,2023
ORD044631,USR08230,2023-02-14,987.96,2963.88,-1975.92,2023
ORD044639,USR08231,2023-02-16,1786.33,5358.99,-3572.66,2023
ORD045186,USR08338,2023-02-16,1282.92,3848.76,-2565.84,2023
ORD045799,USR08442,2023-02-15,1285.86,3857.58,-2571.72,2023
ORD047509,USR08757,2023-02-15,1129.68,3389.04,-2259.36,2023
ORD047576,USR08774,2023-02-16,526.47,1579.41,-1052.94,2023
ORD047619,USR08783,2023-02-13,1478.03,4434.09,-2956.06,2023
ORD047639,USR08786,2023-02-16,755.93,2267.79,-1511.86,2023
ORD048004,USR08843,2023-02-16,612.26,1836.7800000000002,-1224.52,2023
ORD048241,USR08890,2023-02-16,1440.7,4322.1,-2881.4,2023
ORD048615,USR08961,2023-02-14,191.98,575.94,-383.96,2023
ORD049792,USR09166,2023-02-13,869.32,2607.96,-1738.64,2023
ORD049801,USR09167,2023-02-13,1855.34,5566.02,-3710.68,2023
ORD050235,USR09249,2023-02-13,535.47,1606.41,-1070.94,2023
ORD050341,USR09271,2023-02-13,2371.82,7115.46,-4743.64,2023
ORD050687,USR09330,2023-02-14,1365.92,4097.76,-2731.84,2023
ORD051348,USR09447,2023-02-17,1619.96,4859.88,-3239.92,2023
ORD051694,USR09516,2023-02-17,1357.3,4071.9,-2714.6,2023
ORD051777,USR09530,2023-02-13,464.79,1394.37,-929.58,2023
ORD051792,USR09534,2023-02-17,347.79,1043.37,-695.58,2023
ORD052025,USR09575,2023-02-16,1956.69,5870.07,-3913.38,2023
ORD052480,USR09660,2023-02-15,1227.02,3681.06,-2454.04,2023
ORD052519,USR09667,2023-02-14,1974.96,5924.880000000001,-3949.92,2023
ORD052743,USR09709,2023-02-13,1689.28,5067.84,-3378.56,2023
ORD053143,USR09779,2023-02-17,1275.53,3826.59,-2551.06,2023
ORD053240,USR09795,2023-02-14,629.96,1889.88,-1259.92,2023
ORD053761,USR09894,2023-02-17,1693.84,5081.52,-3387.68,2023
ORD054216,USR09978,2023-02-17,906.49,2719.4700000000003,-1812.98,2023
ORD054316,USR09997,2023-02-13,183.58,550.74,-367.16,2023
ORD054391,USR10010,2023-02-16,2129.59,6388.77,-4259.18,2023
ORD054482,USR10026,2023-02-16,911.69,2735.07,-1823.38,2023
ORD055413,USR10196,2023-02-16,584.93,1754.79,-1169.86,2023
ORD055423,USR10198,2023-02-15,1142.93,3428.79,-2285.86,2023
ORD055443,USR10201,2023-02-16,989.31,2967.93,-1978.62,2023
ORD055451,USR10202,2023-02-13,323.96,971.88,-647.92,2023
ORD055903,USR10288,2023-02-17,549.96,1649.88,-1099.92,2023
ORD056097,USR10322,2023-02-13,1041.2,3123.6,-2082.4,2023
ORD056221,USR10343,2023-02-17,1957.09,5871.27,-3914.18,2023
ORD056384,USR10372,2023-02-15,611.54,1834.6200000000001,-1223.08,2023
ORD056550,USR10399,2023-02-16,910.1,2730.3,-1820.2,2023
ORD056591,USR10405,2023-02-14,3457.87,10373.61,-6915.74,2023
ORD056639,USR10415,2023-02-16,361.91,1085.73,-723.82,2023
ORD056971,USR10474,2023-02-17,1039.89,3119.67,-2079.78,2023
ORD057477,USR10567,2023-02-17,1445.31,4335.93,-2890.62,2023
ORD057747,USR10611,2023-02-16,1098.59,3295.77,-2197.18,2023
ORD057917,USR10645,2023-02-15,647.95,1943.85,-1295.9,2023
ORD058414,USR10738,2023-02-16,729.58,2188.74,-1459.16,2023
ORD058671,USR10784,2023-02-15,841.41,2524.23,-1682.82,2023
ORD059054,USR10856,2023-02-15,866.96,2600.88,-1733.92,2023
ORD059201,USR10883,2023-02-16,451.23,1353.69,-902.46,2023
ORD060090,USR11035,2023-02-13,1299.51,3898.5299999999997,-2599.02,2023
ORD060874,USR11175,2023-02-17,204.98,614.94,-409.96,2023
ORD062649,USR11499,2023-02-15,996.85,2990.55,-1993.7,2023
ORD063282,USR11615,2023-02-15,1635.39,4906.169999999999,-3270.78,2023
ORD063526,USR11654,2023-02-13,2158.09,6474.27,-4316.18,2023
ORD063823,USR11706,2023-02-16,2487.03,7461.09,-4974.06,2023
ORD064013,USR11741,2023-02-14,63.16,189.48,-126.32,2023
ORD065394,USR11984,2023-02-14,470.37,1411.11,-940.74,2023
ORD065676,USR12032,2023-02-16,915.0,2745.0,-1830.0,2023
ORD065927,USR12076,2023-02-17,776.98,2330.94,-1553.96,2023
ORD066170,USR12123,2023-02-14,249.0,747.0,-498.0,2023
ORD066388,USR12163,2023-02-15,431.96,1295.88,-863.92,2023
ORD066570,USR12198,2023-02-16,599.96,1799.88,-1199.92,2023
ORD067409,USR12349,2023-02-16,1793.91,5381.73,-3587.82,2023
ORD067580,USR12383,2023-02-17,761.84,2285.52,-1523.68,2023
ORD068265,USR12507,2023-02-13,1428.31,4284.93,-2856.62,2023
ORD068457,USR12537,2023-02-15,792.32,2376.96,-1584.64,2023
ORD068858,USR12611,2023-02-16,833.26,2499.78,-1666.52,2023
ORD070441,USR12899,2023-02-13,1356.9,4070.7,-2713.8,2023
ORD070464,USR12903,2023-02-13,446.37,1339.11,-892.74,2023
ORD070630,USR12934,2023-02-15,248.95,746.85,-497.9,2023
ORD071091,USR13023,2023-02-15,3389.33,10167.99,-6778.66,2023
ORD071435,USR13088,2023-02-14,122.98,368.94,-245.96,2023
ORD071543,USR13110,2023-02-13,1940.4,5821.2,-3880.8,2023
ORD071836,USR13163,2023-02-15,1019.88,3059.6400000000003,-2039.76,2023
ORD072777,USR13337,2023-02-15,2627.88,7883.639999999999,-5255.76,2023
ORD072793,USR13339,2023-02-15,1255.41,3766.23,-2510.82,2023
ORD072912,USR13359,2023-02-16,371.37,1114.11,-742.74,2023
ORD073122,USR13403,2023-02-13,582.05,1746.15,-1164.1,2023
ORD073614,USR13485,2023-02-17,229.47,688.41,-458.94,2023
ORD073699,USR13501,2023-02-17,122.97,368.90999999999997,-245.94,2023
ORD074282,USR13603,2023-02-15,510.0,1530.0,-1020.0,2023
ORD074362,USR13622,2023-02-13,1899.95,5699.85,-3799.9,2023
ORD074449,USR13640,2023-02-13,383.88,1151.64,-767.76,2023
ORD074720,USR13693,2023-02-15,1371.36,4114.08,-2742.72,2023
ORD074819,USR13712,2023-02-14,567.72,1703.16,-1135.44,2023
ORD075249,USR13797,2023-02-14,350.94,1052.82,-701.88,2023
ORD075543,USR13853,2023-02-16,37.99,113.97,-75.98,2023
ORD075894,USR13920,2023-02-17,1790.97,5372.91,-3581.94,2023
ORD076161,USR13967,2023-02-17,308.94,926.8199999999999,-617.88,2023
ORD076249,USR13985,2023-02-14,121.96,365.88,-243.92,2023
ORD076353,USR14003,2023-02-14,730.55,2191.65,-1461.1,2023
ORD076519,USR14037,2023-02-16,1257.85,3773.5499999999997,-2515.7,2023
ORD076711,USR14070,2023-02-17,291.53,874.59,-583.06,2023
ORD077019,USR14127,2023-02-14,1015.53,3046.59,-2031.06,2023
ORD077150,USR14153,2023-02-17,810.0,2430.0,-1620.0,2023
ORD077571,USR14224,2023-02-14,625.12,1875.3600000000001,-1250.24,2023
ORD077682,USR14246,2023-02-14,293.95,881.85,-587.9,2023
ORD078410,USR14378,2023-02-15,1157.41,3472.23,-2314.82,2023
ORD078764,USR14443,2023-02-14,2118.01,6354.030000000001,-4236.02,2023
ORD078996,USR14487,2023-02-17,1663.37,4990.11,-3326.74,2023
ORD079149,USR14515,2023-02-13,365.0,1095.0,-730.0,2023
ORD079653,USR14601,2023-02-14,1369.38,4108.14,-2738.76,2023
ORD079742,USR14613,2023-02-15,434.53,1303.5900000000001,-869.06,2023
ORD079815,USR14625,2023-02-16,798.98,2396.9399999999996,-1597.96,2023
ORD079853,USR14632,2023-02-17,1047.12,3141.36,-2094.24,2023
ORD079935,USR14648,2023-02-13,1531.92,4595.76,-3063.84,2023
ORD079953,USR14650,2023-02-13,778.44,2335.3199999999997,-1556.88,2023
ORD080069,USR14674,2023-02-17,796.58,2389.7400000000002,-1593.16,2023
ORD080213,USR14706,2023-02-15,520.94,1562.8200000000002,-1041.88,2023
ORD080636,USR14781,2023-02-17,731.96,2195.88,-1463.92,2023
ORD081199,USR14882,2023-02-15,1353.25,4059.75,-2706.5,2023
ORD081520,USR14940,2023-02-15,368.97,1106.91,-737.94,2023
